Ano,ROI,Preço Inicial
2018,-94.5743559780958,0.74714042363643
2019,-18.810511302919355,0.04053717973025967
2020,453.2071157178542,0.03291192895521444
